pi,interval,color
1,"[2024-07-11 05:02:04, 2024-07-11 16:00:01]",cnt
1,"[2024-07-12 05:02:02, 2024-07-12 16:00:00]",cnt
1,"[2024-07-13 05:02:00, 2024-07-13 13:41:57]",cnt
1,"[2024-07-13 13:44:28, 2024-07-13 15:59:59]",cnt
1,"[2024-07-14 05:02:33, 2024-07-14 16:00:00]",cnt
1,"[2024-07-15 05:02:01, 2024-07-15 14:56:59]",cnt
1,"[2024-07-18 11:10:32, 2024-07-18 19:59:59]",grn
1,"[2024-07-19 05:01:04, 2024-07-19 20:00:00]",grn
1,"[2024-07-20 05:01:04, 2024-07-20 13:11:53]",grn
1,"[2024-07-20 13:23:52, 2024-07-20 13:24:34]",grn
1,"[2024-07-20 13:36:32, 2024-07-20 13:36:33]",grn
1,"[2024-07-20 21:03:51, 2024-07-20 21:03:51]",grn
1,"[2024-07-21 05:01:05, 2024-07-21 20:00:00]",grn
1,"[2024-07-22 05:01:05, 2024-07-22 19:59:59]",grn
1,"[2024-07-23 05:01:05, 2024-07-23 08:22:57]",grn
1,"[2024-07-23 20:31:59, 2024-07-23 20:31:59]",grn
1,"[2024-07-24 06:00:57, 2024-07-24 19:59:59]",blv
1,"[2024-07-25 06:00:57, 2024-07-25 19:36:52]",blv
1,"[2024-07-25 19:48:42, 2024-07-25 19:49:24]",blv
1,"[2024-07-25 20:33:14, 2024-07-25 20:33:14]",blv
1,"[2024-07-25 20:45:53, 2024-07-25 20:45:53]",blv
1,"[2024-07-26 06:01:04, 2024-07-26 20:00:00]",blv
1,"[2024-07-27 06:01:06, 2024-07-27 14:37:54]",blv
1,"[2024-07-27 14:39:27, 2024-07-27 19:59:59]",blv
1,"[2024-07-28 06:00:57, 2024-07-28 19:59:59]",blv
1,"[2024-07-29 06:00:58, 2024-07-29 19:22:42]",blv
1,"[2024-07-29 19:25:05, 2024-07-29 19:59:59]",blv
1,"[2024-07-30 06:01:05, 2024-07-30 19:59:59]",blv
1,"[2024-07-31 06:01:05, 2024-07-31 19:59:59]",blv
1,"[2024-08-01 06:01:07, 2024-08-01 07:34:37]",blv
1,"[2024-08-01 10:37:06, 2024-08-01 19:59:59]",blv
1,"[2024-08-02 06:00:58, 2024-08-02 17:29:13]",blv
1,"[2024-08-02 17:31:01, 2024-08-02 19:59:59]",blv
1,"[2024-08-03 06:01:04, 2024-08-03 19:59:59]",blv
1,"[2024-08-04 06:01:04, 2024-08-04 15:47:05]",blv
1,"[2024-08-06 06:01:00, 2024-08-06 19:59:59]",blv
1,"[2024-08-07 06:01:00, 2024-08-07 15:12:53]",blv
1,"[2024-08-07 20:07:24, 2024-08-07 20:07:24]",blv
1,"[2024-08-08 06:01:06, 2024-08-08 20:00:00]",blv
1,"[2024-08-09 06:01:05, 2024-08-09 12:02:33]",blv
1,"[2024-08-09 12:04:08, 2024-08-09 19:59:59]",blv
1,"[2024-08-10 06:01:01, 2024-08-10 19:59:59]",blv
1,"[2024-08-11 06:01:02, 2024-08-11 08:06:01]",blv
1,"[2024-08-12 20:22:57, 2024-08-12 20:22:57]",blv
1,"[2024-08-13 06:01:06, 2024-08-13 19:59:59]",blv
1,"[2024-08-14 06:01:05, 2024-08-14 19:43:37]",blv
1,"[2024-08-15 16:42:19, 2024-08-15 19:59:59]",grn
1,"[2024-08-16 06:01:03, 2024-08-16 19:59:59]",grn
1,"[2024-08-17 06:01:02, 2024-08-17 19:59:59]",grn
1,"[2024-08-18 06:01:04, 2024-08-18 10:07:10]",grn
1,"[2024-08-19 15:49:02, 2024-08-19 19:59:59]",grn
1,"[2024-08-20 06:01:06, 2024-08-20 19:59:59]",grn
1,"[2024-08-21 06:01:09, 2024-08-21 18:45:16]",grn
1,"[2024-08-22 15:45:04, 2024-08-22 15:56:04]",grn
1,"[2024-08-22 17:56:00, 2024-08-22 17:56:38]",grn
1,"[2024-08-22 17:57:50, 2024-08-22 19:59:59]",grn
1,"[2024-08-23 06:01:06, 2024-08-23 19:59:59]",grn
1,"[2024-08-24 06:01:06, 2024-08-24 19:59:59]",grn
1,"[2024-08-25 06:01:07, 2024-08-25 10:00:32]",grn
1,"[2024-08-25 10:02:22, 2024-08-25 19:59:59]",grn
1,"[2024-08-26 06:01:06, 2024-08-26 19:59:59]",grn
1,"[2024-08-27 06:01:06, 2024-08-27 17:28:03]",grn
1,"[2024-08-28 01:30:58, 2024-08-28 01:30:58]",grn
1,"[2024-08-28 01:40:21, 2024-08-28 01:40:21]",grn
1,"[2024-08-28 01:46:54, 2024-08-28 01:46:54]",grn
1,"[2024-08-28 09:48:41, 2024-08-28 19:59:59]",grn
1,"[2024-08-29 06:01:07, 2024-08-29 19:59:59]",grn
1,"[2024-08-30 06:01:08, 2024-08-30 10:34:13]",grn
1,"[2024-09-03 10:01:39, 2024-09-03 19:59:59]",blv
1,"[2024-09-04 06:01:08, 2024-09-04 19:59:59]",blv
1,"[2024-09-05 06:01:08, 2024-09-05 12:08:21]",blv
1,"[2024-09-05 12:10:07, 2024-09-05 18:59:59]",blv
1,"[2024-09-06 08:01:08, 2024-09-06 18:59:59]",blv
1,"[2024-09-07 08:01:10, 2024-09-07 10:12:04]",blv
2,"[2024-07-11 05:02:07, 2024-07-11 16:00:00]",blv
2,"[2024-07-12 05:01:57, 2024-07-12 16:00:00]",blv
2,"[2024-07-13 05:02:01, 2024-07-13 13:30:43]",blv
2,"[2024-07-13 17:44:18, 2024-07-13 17:44:18]",blv
2,"[2024-07-13 18:51:34, 2024-07-13 18:51:34]",blv
2,"[2024-07-14 05:01:59, 2024-07-14 15:59:59]",blv
2,"[2024-07-15 05:01:58, 2024-07-15 14:01:13]",blv
2,"[2024-07-18 10:34:11, 2024-07-18 20:00:00]",blv
2,"[2024-07-19 05:01:03, 2024-07-19 19:59:59]",blv
2,"[2024-07-20 05:01:04, 2024-07-20 08:35:34]",blv
2,"[2024-07-20 08:47:34, 2024-07-20 08:48:11]",blv
2,"[2024-07-20 09:00:10, 2024-07-20 09:00:11]",blv
2,"[2024-07-20 21:02:07, 2024-07-20 21:02:07]",blv
2,"[2024-07-20 21:20:56, 2024-07-20 21:20:56]",blv
2,"[2024-07-21 05:01:05, 2024-07-21 20:00:00]",blv
2,"[2024-07-22 05:01:04, 2024-07-22 17:37:32]",blv
2,"[2024-07-22 17:49:31, 2024-07-22 17:50:35]",blv
2,"[2024-07-22 18:02:35, 2024-07-22 18:03:05]",blv
2,"[2024-07-22 18:15:04, 2024-07-22 18:15:19]",blv
2,"[2024-07-22 18:27:18, 2024-07-22 18:27:24]",blv
2,"[2024-07-22 18:39:23, 2024-07-22 18:39:27]",blv
2,"[2024-07-22 18:51:26, 2024-07-22 18:51:26]",blv
2,"[2024-07-22 19:03:25, 2024-07-22 19:03:25]",blv
2,"[2024-07-22 19:51:21, 2024-07-22 19:51:25]",blv
2,"[2024-07-23 20:24:46, 2024-07-23 20:24:46]",blv
2,"[2024-07-24 06:00:57, 2024-07-24 19:59:59]",cnt
2,"[2024-07-25 06:00:57, 2024-07-25 19:59:59]",cnt
2,"[2024-07-25 20:29:46, 2024-07-25 20:29:46]",cnt
2,"[2024-07-26 06:01:04, 2024-07-26 19:59:59]",cnt
2,"[2024-07-27 06:01:05, 2024-07-27 14:35:04]",cnt
2,"[2024-07-27 14:36:38, 2024-07-27 19:59:59]",cnt
2,"[2024-07-28 06:00:56, 2024-07-28 19:59:59]",cnt
2,"[2024-07-29 06:00:57, 2024-07-29 19:19:40]",cnt
2,"[2024-07-29 19:21:46, 2024-07-29 19:59:59]",cnt
2,"[2024-07-30 06:01:05, 2024-07-30 19:59:59]",cnt
2,"[2024-07-31 06:01:05, 2024-07-31 19:59:59]",cnt
2,"[2024-08-01 06:01:05, 2024-08-01 09:42:30]",cnt
2,"[2024-08-01 10:36:17, 2024-08-01 19:59:59]",cnt
2,"[2024-08-02 06:00:57, 2024-08-02 17:28:26]",cnt
2,"[2024-08-02 17:30:15, 2024-08-02 20:00:00]",cnt
2,"[2024-08-03 06:01:05, 2024-08-03 19:59:59]",cnt
2,"[2024-08-04 06:01:07, 2024-08-04 19:59:59]",cnt
2,"[2024-08-05 06:01:05, 2024-08-05 07:52:17]",cnt
2,"[2024-08-06 06:00:57, 2024-08-06 19:59:59]",cnt
2,"[2024-08-07 06:00:57, 2024-08-07 18:57:01]",cnt
2,"[2024-08-07 20:08:16, 2024-08-07 20:08:16]",cnt
2,"[2024-08-08 06:01:05, 2024-08-08 19:59:59]",cnt
2,"[2024-08-09 06:01:05, 2024-08-09 12:01:31]",cnt
2,"[2024-08-09 12:03:03, 2024-08-09 19:59:59]",cnt
2,"[2024-08-10 06:00:56, 2024-08-10 19:59:59]",cnt
2,"[2024-08-11 06:00:57, 2024-08-11 15:06:09]",cnt
2,"[2024-08-12 20:21:10, 2024-08-12 20:21:10]",cnt
2,"[2024-08-13 06:01:07, 2024-08-13 19:59:59]",cnt
2,"[2024-08-14 06:01:07, 2024-08-14 19:59:59]",cnt
2,"[2024-08-15 06:01:06, 2024-08-15 13:32:22]",cnt
2,"[2024-08-15 16:42:40, 2024-08-15 19:59:59]",blv
2,"[2024-08-16 06:00:57, 2024-08-16 19:59:59]",blv
2,"[2024-08-17 06:00:57, 2024-08-17 16:47:32]",blv
2,"[2024-08-19 17:47:00, 2024-08-19 19:59:59]",blv
2,"[2024-08-20 06:01:07, 2024-08-20 19:59:59]",blv
2,"[2024-08-21 06:01:07, 2024-08-21 19:59:59]",blv
2,"[2024-08-22 06:01:06, 2024-08-22 06:23:59]",blv
2,"[2024-08-22 17:42:49, 2024-08-22 19:59:59]",blv
2,"[2024-08-23 06:01:00, 2024-08-23 19:59:59]",blv
2,"[2024-08-24 06:00:59, 2024-08-24 19:59:59]",blv
2,"[2024-08-25 06:00:59, 2024-08-25 09:58:35]",blv
2,"[2024-08-25 10:00:19, 2024-08-25 19:59:59]",blv
2,"[2024-08-26 06:01:06, 2024-08-26 19:59:59]",blv
2,"[2024-08-27 06:01:06, 2024-08-27 11:36:54]",blv
2,"[2024-08-28 09:28:39, 2024-08-28 19:59:59]",blv
2,"[2024-08-29 06:01:00, 2024-08-29 20:00:00]",blv
2,"[2024-08-30 06:01:01, 2024-08-30 10:11:44]",blv
2,"[2024-09-03 10:07:49, 2024-09-03 20:00:00]",cnt
2,"[2024-09-04 06:01:07, 2024-09-04 19:59:59]",cnt
2,"[2024-09-05 06:01:07, 2024-09-05 12:10:00]",cnt
2,"[2024-09-05 12:11:29, 2024-09-05 19:00:00]",cnt
2,"[2024-09-06 08:01:01, 2024-09-06 18:59:59]",cnt
2,"[2024-09-07 08:01:02, 2024-09-07 18:59:59]",cnt
2,"[2024-09-08 08:01:03, 2024-09-08 14:04:41]",cnt
3,"[2024-07-13 13:25:45, 2024-07-13 16:00:00]",blu
3,"[2024-07-14 05:01:55, 2024-07-14 16:00:00]",blu
3,"[2024-07-15 05:01:54, 2024-07-15 16:00:00]",blu
3,"[2024-07-16 05:01:55, 2024-07-16 06:36:56]",blu
3,"[2024-07-16 06:49:52, 2024-07-16 06:51:43]",blu
3,"[2024-07-16 07:04:39, 2024-07-16 07:05:31]",blu
3,"[2024-07-16 07:18:26, 2024-07-16 07:18:50]",blu
3,"[2024-07-16 07:31:45, 2024-07-16 07:31:49]",blu
3,"[2024-07-16 07:44:43, 2024-07-16 07:44:50]",blu
3,"[2024-07-16 07:57:46, 2024-07-16 07:57:48]",blu
3,"[2024-07-16 08:10:43, 2024-07-16 08:10:43]",blu
3,"[2024-07-16 08:23:38, 2024-07-16 08:23:38]",blu
3,"[2024-07-18 11:00:27, 2024-07-18 19:59:59]",blu
3,"[2024-07-19 05:01:04, 2024-07-19 19:59:59]",blu
3,"[2024-07-20 05:01:03, 2024-07-20 07:46:46]",blu
3,"[2024-07-20 07:58:45, 2024-07-20 07:59:41]",blu
3,"[2024-07-20 08:11:40, 2024-07-20 08:11:41]",blu
3,"[2024-07-20 21:00:05, 2024-07-20 21:00:05]",blu
3,"[2024-07-20 21:21:25, 2024-07-20 21:21:25]",blu
3,"[2024-07-21 05:01:04, 2024-07-21 19:59:59]",blu
3,"[2024-07-22 05:01:06, 2024-07-22 15:21:35]",blu
3,"[2024-07-22 15:33:34, 2024-07-22 15:34:39]",blu
3,"[2024-07-22 15:46:39, 2024-07-22 15:47:11]",blu
3,"[2024-07-22 15:59:09, 2024-07-22 15:59:25]",blu
3,"[2024-07-22 16:11:23, 2024-07-22 16:11:31]",blu
3,"[2024-07-22 16:23:28, 2024-07-22 16:23:31]",blu
3,"[2024-07-22 16:35:31, 2024-07-22 16:35:31]",blu
3,"[2024-07-22 16:47:31, 2024-07-22 16:47:31]",blu
3,"[2024-07-22 17:23:31, 2024-07-22 17:23:34]",blu
3,"[2024-07-23 20:21:04, 2024-07-23 20:21:04]",blu
3,"[2024-07-24 06:00:57, 2024-07-24 19:59:59]",grn
3,"[2024-07-25 06:00:57, 2024-07-25 19:59:59]",grn
3,"[2024-07-25 20:30:20, 2024-07-25 20:30:20]",grn
3,"[2024-07-25 20:45:25, 2024-07-25 20:45:25]",grn
3,"[2024-07-26 06:01:05, 2024-07-26 19:59:59]",grn
3,"[2024-07-27 06:01:05, 2024-07-27 14:34:43]",grn
3,"[2024-07-27 14:36:24, 2024-07-27 19:59:59]",grn
3,"[2024-07-28 06:00:57, 2024-07-28 19:59:59]",grn
3,"[2024-07-29 06:00:57, 2024-07-29 19:19:33]",grn
3,"[2024-07-29 19:21:35, 2024-07-29 19:59:59]",grn
3,"[2024-07-30 06:01:05, 2024-07-30 19:59:59]",grn
3,"[2024-07-31 06:01:05, 2024-07-31 19:59:59]",grn
3,"[2024-08-01 06:01:05, 2024-08-01 08:36:36]",grn
3,"[2024-08-01 10:39:06, 2024-08-01 19:59:59]",grn
3,"[2024-08-02 06:00:57, 2024-08-02 17:31:33]",grn
3,"[2024-08-02 17:33:25, 2024-08-02 19:59:59]",grn
3,"[2024-08-03 06:01:04, 2024-08-03 19:59:59]",grn
3,"[2024-08-04 06:01:06, 2024-08-04 20:00:00]",grn
3,"[2024-08-05 06:01:05, 2024-08-05 12:13:57]",grn
3,"[2024-08-06 06:00:57, 2024-08-06 19:59:59]",grn
3,"[2024-08-07 06:00:57, 2024-08-07 15:07:14]",grn
3,"[2024-08-07 20:11:13, 2024-08-07 20:11:13]",grn
3,"[2024-08-08 06:01:06, 2024-08-08 19:59:59]",grn
3,"[2024-08-09 06:01:05, 2024-08-09 12:03:58]",grn
3,"[2024-08-09 12:05:34, 2024-08-09 20:00:00]",grn
3,"[2024-08-10 06:00:58, 2024-08-10 19:59:59]",grn
3,"[2024-08-11 06:00:58, 2024-08-11 19:14:08]",grn
3,"[2024-08-12 16:13:36, 2024-08-12 16:20:20]",grn
3,"[2024-08-12 16:22:04, 2024-08-12 16:22:42]",grn
3,"[2024-08-15 17:00:36, 2024-08-15 19:59:59]",cnt
3,"[2024-08-16 06:00:59, 2024-08-16 19:59:59]",cnt
3,"[2024-08-17 06:00:58, 2024-08-17 16:27:44]",cnt
3,"[2024-08-19 09:08:20, 2024-08-19 09:24:18]",cnt
3,"[2024-08-19 09:25:35, 2024-08-19 09:25:46]",cnt
3,"[2024-08-19 18:07:00, 2024-08-19 18:08:19]",cnt
3,"[2024-08-19 18:09:58, 2024-08-19 19:59:59]",cnt
3,"[2024-08-20 06:01:07, 2024-08-20 19:59:59]",cnt
3,"[2024-08-21 06:01:07, 2024-08-21 14:39:05]",cnt
3,"[2024-08-22 17:45:15, 2024-08-22 19:59:59]",cnt
3,"[2024-08-23 06:01:00, 2024-08-23 19:59:59]",cnt
3,"[2024-08-24 06:00:58, 2024-08-24 19:59:59]",cnt
3,"[2024-08-25 06:00:59, 2024-08-25 10:00:57]",cnt
3,"[2024-08-25 10:02:42, 2024-08-25 19:59:59]",cnt
3,"[2024-08-26 06:01:06, 2024-08-26 19:59:59]",cnt
3,"[2024-08-27 06:01:08, 2024-08-27 10:38:50]",cnt
3,"[2024-08-28 09:31:00, 2024-08-28 19:59:59]",cnt
3,"[2024-08-29 06:01:00, 2024-08-29 19:59:59]",cnt
3,"[2024-08-30 06:01:02, 2024-08-30 12:53:54]",cnt
3,"[2024-09-03 10:11:52, 2024-09-03 19:59:59]",blu
3,"[2024-09-04 06:01:08, 2024-09-04 19:59:59]",blu
3,"[2024-09-05 06:01:07, 2024-09-05 12:09:59]",blu
3,"[2024-09-05 12:11:37, 2024-09-05 18:59:59]",blu
3,"[2024-09-06 08:01:04, 2024-09-06 18:59:59]",blu
3,"[2024-09-07 08:01:04, 2024-09-07 18:59:59]",blu
3,"[2024-09-08 08:01:05, 2024-09-08 09:27:01]",blu
4,"[2024-07-11 05:02:00, 2024-07-11 15:59:59]",grn
4,"[2024-07-12 05:02:02, 2024-07-12 16:00:00]",grn
4,"[2024-07-13 05:02:01, 2024-07-13 13:29:03]",grn
4,"[2024-07-13 13:32:17, 2024-07-13 16:00:00]",grn
4,"[2024-07-14 05:02:02, 2024-07-14 15:59:59]",grn
4,"[2024-07-15 05:02:02, 2024-07-15 16:00:01]",grn
4,"[2024-07-16 05:02:21, 2024-07-16 11:26:03]",grn
4,"[2024-07-18 10:28:24, 2024-07-18 19:59:59]",cnt
4,"[2024-07-19 05:01:04, 2024-07-19 19:59:59]",cnt
4,"[2024-07-20 05:01:03, 2024-07-20 09:25:41]",cnt
4,"[2024-07-20 09:37:41, 2024-07-20 09:38:21]",cnt
4,"[2024-07-20 09:50:19, 2024-07-20 09:50:20]",cnt
4,"[2024-07-20 20:58:11, 2024-07-20 20:58:11]",cnt
4,"[2024-07-21 05:01:04, 2024-07-21 19:59:59]",cnt
4,"[2024-07-22 05:01:05, 2024-07-22 19:39:09]",cnt
4,"[2024-07-22 19:51:08, 2024-07-22 19:52:46]",cnt
4,"[2024-07-22 20:04:45, 2024-07-22 20:04:45]",cnt
4,"[2024-07-23 05:01:05, 2024-07-23 05:02:18]",cnt
4,"[2024-07-23 05:14:17, 2024-07-23 05:14:45]",cnt
4,"[2024-07-23 05:26:44, 2024-07-23 05:26:58]",cnt
4,"[2024-07-23 05:38:57, 2024-07-23 05:39:05]",cnt
4,"[2024-07-23 05:51:04, 2024-07-23 05:51:17]",cnt
4,"[2024-07-23 06:39:12, 2024-07-23 06:39:14]",cnt
4,"[2024-07-23 20:15:11, 2024-07-23 20:15:11]",cnt
4,"[2024-07-24 06:00:57, 2024-07-24 19:59:59]",yel
4,"[2024-07-25 06:00:56, 2024-07-25 19:59:59]",yel
4,"[2024-07-25 20:27:41, 2024-07-25 20:27:41]",yel
4,"[2024-07-26 06:01:05, 2024-07-26 19:59:59]",yel
4,"[2024-07-27 06:01:06, 2024-07-27 14:32:24]",yel
4,"[2024-07-27 14:33:58, 2024-07-27 14:34:43]",yel
4,"[2024-07-27 14:35:58, 2024-07-27 20:00:00]",yel
4,"[2024-07-28 06:00:57, 2024-07-28 19:59:59]",yel
4,"[2024-07-29 06:00:57, 2024-07-29 19:17:08]",yel
4,"[2024-07-29 19:18:48, 2024-07-29 19:59:59]",yel
4,"[2024-07-30 06:01:05, 2024-07-30 19:59:59]",yel
4,"[2024-07-31 06:01:05, 2024-07-31 19:59:59]",yel
4,"[2024-08-01 06:01:05, 2024-08-01 09:52:15]",yel
4,"[2024-08-01 10:38:56, 2024-08-01 19:59:59]",yel
4,"[2024-08-02 06:00:56, 2024-08-02 17:31:25]",yel
4,"[2024-08-02 17:33:14, 2024-08-02 20:00:00]",yel
4,"[2024-08-03 06:01:06, 2024-08-03 19:59:59]",yel
4,"[2024-08-04 06:01:07, 2024-08-04 19:59:59]",yel
4,"[2024-08-05 06:01:06, 2024-08-05 12:38:34]",yel
4,"[2024-08-05 21:49:09, 2024-08-05 21:49:09]",yel
4,"[2024-08-06 06:00:58, 2024-08-06 19:59:59]",yel
4,"[2024-08-07 06:00:58, 2024-08-07 15:52:10]",yel
4,"[2024-08-08 06:01:08, 2024-08-08 19:59:59]",yel
4,"[2024-08-09 06:01:06, 2024-08-09 12:03:38]",yel
4,"[2024-08-09 12:05:09, 2024-08-09 20:00:00]",yel
4,"[2024-08-10 06:00:59, 2024-08-10 19:59:59]",yel
4,"[2024-08-11 06:00:59, 2024-08-11 19:59:59]",yel
4,"[2024-08-12 06:01:00, 2024-08-12 06:03:29]",yel
4,"[2024-08-12 20:23:39, 2024-08-12 20:23:39]",yel
4,"[2024-08-13 06:01:08, 2024-08-13 19:59:59]",yel
4,"[2024-08-14 06:01:09, 2024-08-14 19:59:59]",yel
4,"[2024-08-15 06:01:09, 2024-08-15 16:59:23]",yel
4,"[2024-08-15 17:01:26, 2024-08-15 19:59:59]",blu
4,"[2024-08-16 06:01:01, 2024-08-16 19:59:59]",blu
4,"[2024-08-17 06:01:01, 2024-08-17 19:59:59]",blu
4,"[2024-08-18 06:01:03, 2024-08-18 11:32:16]",blu
4,"[2024-08-19 15:27:59, 2024-08-19 19:59:59]",blu
4,"[2024-08-20 06:01:09, 2024-08-20 19:59:59]",blu
4,"[2024-08-21 06:01:10, 2024-08-21 19:31:42]",blu
4,"[2024-08-22 15:23:38, 2024-08-22 15:34:29]",blu
4,"[2024-08-22 17:58:00, 2024-08-22 17:58:28]",blu
4,"[2024-08-22 17:59:38, 2024-08-22 19:59:59]",blu
4,"[2024-08-23 06:01:03, 2024-08-23 19:59:59]",blu
4,"[2024-08-24 06:01:04, 2024-08-24 19:59:59]",blu
4,"[2024-08-25 06:01:06, 2024-08-25 10:03:04]",blu
4,"[2024-08-25 10:04:47, 2024-08-25 19:59:59]",blu
4,"[2024-08-26 06:01:11, 2024-08-26 19:59:59]",blu
4,"[2024-08-27 06:01:10, 2024-08-27 10:08:13]",blu
4,"[2024-08-28 09:33:10, 2024-08-28 19:59:59]",blu
4,"[2024-08-29 06:01:05, 2024-08-29 19:59:59]",blu
4,"[2024-08-30 06:01:05, 2024-08-30 10:21:53]",blu
4,"[2024-09-03 10:15:09, 2024-09-03 19:59:59]",grn
4,"[2024-09-04 06:01:10, 2024-09-04 19:59:59]",grn
4,"[2024-09-05 06:01:10, 2024-09-05 12:10:24]",grn
4,"[2024-09-05 12:11:56, 2024-09-05 18:59:59]",grn
4,"[2024-09-06 08:01:07, 2024-09-06 18:59:59]",grn
4,"[2024-09-07 08:01:09, 2024-09-07 18:59:59]",grn
4,"[2024-09-08 08:01:09, 2024-09-08 14:05:27]",grn
5,"[2024-07-11 05:01:42, 2024-07-11 15:59:59]",yel
5,"[2024-07-12 05:02:01, 2024-07-12 16:00:00]",yel
5,"[2024-07-13 05:01:48, 2024-07-13 13:27:49]",yel
5,"[2024-07-13 13:30:06, 2024-07-13 16:00:01]",yel
5,"[2024-07-14 05:01:40, 2024-07-14 15:59:59]",yel
5,"[2024-07-15 05:01:59, 2024-07-15 16:00:00]",yel
5,"[2024-07-16 05:01:40, 2024-07-16 15:59:59]",yel
5,"[2024-07-18 11:23:08, 2024-07-18 19:59:59]",yel
5,"[2024-07-19 05:01:03, 2024-07-19 19:59:59]",yel
5,"[2024-07-20 05:01:04, 2024-07-20 19:59:59]",yel
5,"[2024-07-20 20:54:16, 2024-07-20 20:54:16]",yel
5,"[2024-07-21 05:00:56, 2024-07-21 19:59:59]",yel
5,"[2024-07-22 05:00:56, 2024-07-22 19:59:59]",yel
5,"[2024-07-23 05:00:57, 2024-07-23 07:58:40]",yel
5,"[2024-07-23 11:33:42, 2024-07-23 11:53:28]",yel
5,"[2024-07-23 20:14:05, 2024-07-23 20:14:05]",yel
5,"[2024-07-24 06:00:56, 2024-07-24 19:59:59]",blu
5,"[2024-07-25 06:00:57, 2024-07-25 19:59:59]",blu
5,"[2024-07-25 20:27:20, 2024-07-25 20:27:20]",blu
5,"[2024-07-26 06:00:57, 2024-07-26 19:59:59]",blu
5,"[2024-07-27 06:00:57, 2024-07-27 14:31:54]",blu
5,"[2024-07-27 14:33:53, 2024-07-27 19:59:59]",blu
5,"[2024-07-28 06:00:56, 2024-07-28 19:59:59]",blu
5,"[2024-07-29 06:00:56, 2024-07-29 19:17:13]",blu
5,"[2024-07-29 19:18:43, 2024-07-29 19:59:59]",blu
5,"[2024-07-30 06:00:56, 2024-07-30 20:00:00]",blu
5,"[2024-07-31 06:00:57, 2024-07-31 18:25:12]",blu
5,"[2024-08-01 10:42:04, 2024-08-01 19:59:59]",blu
5,"[2024-08-02 06:00:57, 2024-08-02 17:33:53]",blu
5,"[2024-08-02 17:50:01, 2024-08-02 19:59:59]",blu
5,"[2024-08-03 06:00:57, 2024-08-03 19:59:59]",blu
5,"[2024-08-04 06:00:58, 2024-08-04 18:00:35]",blu
5,"[2024-08-06 06:00:57, 2024-08-06 19:59:59]",blu
5,"[2024-08-07 06:00:57, 2024-08-07 16:46:23]",blu
5,"[2024-08-07 20:16:49, 2024-08-07 20:16:49]",blu
5,"[2024-08-08 06:00:59, 2024-08-08 19:59:59]",blu
5,"[2024-08-09 06:00:59, 2024-08-09 12:05:44]",blu
5,"[2024-08-09 12:07:08, 2024-08-09 19:59:59]",blu
5,"[2024-08-10 06:00:58, 2024-08-10 19:59:59]",blu
5,"[2024-08-11 06:01:00, 2024-08-11 09:24:28]",blu
5,"[2024-08-12 20:25:40, 2024-08-12 20:25:40]",blu
5,"[2024-08-13 06:01:01, 2024-08-13 19:59:59]",blu
5,"[2024-08-14 06:01:02, 2024-08-14 20:00:00]",blu
5,"[2024-08-15 06:01:02, 2024-08-15 08:01:36]",blu
5,"[2024-08-15 17:07:57, 2024-08-15 19:59:59]",yel
5,"[2024-08-16 06:00:59, 2024-08-16 19:59:59]",yel
5,"[2024-08-17 06:01:01, 2024-08-17 15:51:58]",yel
5,"[2024-08-19 11:19:30, 2024-08-19 11:27:06]",yel
5,"[2024-08-22 11:15:21, 2024-08-22 11:26:28]",yel
5,"[2024-08-22 18:01:31, 2024-08-22 18:03:49]",yel
5,"[2024-08-25 10:05:02, 2024-08-25 10:12:16]",yel
5,"[2024-09-03 09:35:33, 2024-09-03 09:46:42]",yel
5,"[2024-09-05 12:12:27, 2024-09-05 12:16:43]",yel
5,"[2024-09-05 12:30:16, 2024-09-05 12:30:21]",yel
6,"[2024-07-11 05:02:05, 2024-07-11 16:00:00]",cnt
6,"[2024-07-12 05:02:00, 2024-07-12 15:59:58]",cnt
6,"[2024-07-13 05:02:01, 2024-07-13 13:45:21]",cnt
6,"[2024-07-13 13:48:36, 2024-07-13 16:00:00]",cnt
6,"[2024-07-14 05:02:03, 2024-07-14 15:59:59]",cnt
6,"[2024-07-15 05:02:03, 2024-07-15 15:59:59]",cnt
6,"[2024-07-16 05:02:01, 2024-07-16 08:42:27]",cnt
6,"[2024-07-18 11:13:56, 2024-07-18 19:59:59]",yel
6,"[2024-07-19 05:01:04, 2024-07-19 19:59:59]",yel
6,"[2024-07-20 05:01:04, 2024-07-20 17:58:21]",yel
6,"[2024-07-20 21:08:40, 2024-07-20 21:08:40]",yel
6,"[2024-07-21 05:01:06, 2024-07-21 19:59:59]",yel
6,"[2024-07-22 05:01:04, 2024-07-22 19:59:59]",yel
6,"[2024-07-23 05:01:04, 2024-07-23 11:31:31]",yel
6,"[2024-07-23 20:40:11, 2024-07-23 20:40:11]",yel
6,"[2024-07-24 06:00:56, 2024-07-24 19:59:59]",grn
6,"[2024-07-25 06:00:57, 2024-07-25 19:59:59]",grn
6,"[2024-07-25 20:42:47, 2024-07-25 20:42:47]",grn
6,"[2024-07-26 06:01:05, 2024-07-26 19:59:59]",grn
6,"[2024-07-27 06:01:05, 2024-07-27 14:40:25]",grn
6,"[2024-07-27 14:41:59, 2024-07-27 19:59:59]",grn
6,"[2024-07-28 06:00:55, 2024-07-28 19:59:59]",grn
6,"[2024-07-29 06:00:56, 2024-07-29 13:10:25]",grn
6,"[2024-07-29 19:34:10, 2024-07-29 19:59:59]",grn
6,"[2024-07-30 06:01:05, 2024-07-30 07:17:08]",grn
6,"[2024-08-01 10:43:04, 2024-08-01 19:59:59]",grn
6,"[2024-08-02 06:00:57, 2024-08-02 17:34:44]",grn
6,"[2024-08-02 17:36:29, 2024-08-02 19:59:59]",grn
6,"[2024-08-03 06:01:05, 2024-08-03 19:59:59]",grn
6,"[2024-08-04 06:01:04, 2024-08-04 19:59:59]",grn
6,"[2024-08-05 06:01:05, 2024-08-05 12:49:39]",grn
6,"[2024-08-06 06:00:57, 2024-08-06 19:59:59]",grn
6,"[2024-08-07 06:00:58, 2024-08-07 20:00:00]",grn
6,"[2024-08-07 20:17:45, 2024-08-07 20:17:45]",grn
6,"[2024-08-08 06:01:06, 2024-08-08 19:59:59]",grn
6,"[2024-08-09 06:01:05, 2024-08-09 12:06:12]",grn
6,"[2024-08-09 12:07:36, 2024-08-09 19:59:59]",grn
6,"[2024-08-10 06:00:57, 2024-08-10 19:59:59]",grn
6,"[2024-08-11 06:00:57, 2024-08-11 16:19:05]",grn
6,"[2024-08-12 20:26:57, 2024-08-12 20:26:57]",grn
6,"[2024-08-13 06:01:05, 2024-08-13 19:59:59]",grn
6,"[2024-08-14 06:01:06, 2024-08-14 19:59:59]",grn
6,"[2024-08-15 06:01:06, 2024-08-15 12:46:29]",grn
6,"[2024-08-15 17:11:37, 2024-08-15 19:59:59]",blv
6,"[2024-08-16 06:00:58, 2024-08-16 20:00:00]",blv
6,"[2024-08-17 06:00:56, 2024-08-17 16:17:01]",blv
6,"[2024-08-19 17:52:39, 2024-08-19 19:59:59]",blv
6,"[2024-08-20 06:01:06, 2024-08-20 19:59:59]",blv
6,"[2024-08-21 06:01:05, 2024-08-21 19:59:59]",blv
6,"[2024-08-22 06:01:07, 2024-08-22 13:39:50]",blv
6,"[2024-08-22 17:48:31, 2024-08-22 19:59:59]",blv
6,"[2024-08-23 06:00:57, 2024-08-23 19:59:59]",blv
6,"[2024-08-24 06:00:56, 2024-08-24 19:59:59]",blv
6,"[2024-08-25 06:00:57, 2024-08-25 10:06:32]",blv
6,"[2024-08-25 10:08:09, 2024-08-25 19:59:59]",blv
6,"[2024-08-26 06:01:07, 2024-08-26 19:59:59]",blv
6,"[2024-08-27 06:01:06, 2024-08-27 14:09:27]",blv
6,"[2024-08-28 09:34:19, 2024-08-28 19:59:59]",blv
6,"[2024-08-29 06:00:57, 2024-08-29 19:59:59]",blv
6,"[2024-08-30 06:00:57, 2024-08-30 09:58:57]",blv
6,"[2024-09-03 10:20:39, 2024-09-03 19:59:59]",grn
6,"[2024-09-04 06:01:07, 2024-09-04 19:59:59]",grn
6,"[2024-09-05 06:01:07, 2024-09-05 12:11:58]",grn
6,"[2024-09-05 12:15:00, 2024-09-05 18:59:59]",grn
6,"[2024-09-06 08:01:09, 2024-09-06 18:59:59]",grn
6,"[2024-09-07 08:01:10, 2024-09-07 18:59:59]",grn
6,"[2024-09-08 08:01:11, 2024-09-08 09:18:16]",grn
7,"[2024-07-11 05:02:07, 2024-07-11 15:59:59]",yel
7,"[2024-07-12 05:02:14, 2024-07-12 16:00:00]",yel
7,"[2024-07-13 05:02:10, 2024-07-13 13:47:29]",yel
7,"[2024-07-13 13:50:15, 2024-07-13 15:59:59]",yel
7,"[2024-07-14 05:02:18, 2024-07-14 16:00:00]",yel
7,"[2024-07-18 12:12:02, 2024-07-18 12:13:51]",blu
7,"[2024-07-18 12:22:32, 2024-07-18 12:23:31]",blu
7,"[2024-07-18 12:25:29, 2024-07-18 12:25:37]",blu
7,"[2024-07-18 13:55:48, 2024-07-18 19:59:59]",blu
7,"[2024-07-19 05:01:03, 2024-07-19 19:59:59]",blu
7,"[2024-07-20 05:01:04, 2024-07-20 10:51:04]",blu
7,"[2024-07-20 11:03:02, 2024-07-20 11:04:11]",blu
7,"[2024-07-20 11:16:11, 2024-07-20 11:16:45]",blu
7,"[2024-07-20 11:28:45, 2024-07-20 11:29:02]",blu
7,"[2024-07-20 11:41:01, 2024-07-20 11:41:08]",blu
7,"[2024-07-20 11:53:08, 2024-07-20 11:53:12]",blu
7,"[2024-07-20 12:05:11, 2024-07-20 12:05:12]",blu
7,"[2024-07-20 12:17:11, 2024-07-20 12:17:12]",blu
7,"[2024-07-20 14:05:03, 2024-07-20 14:05:05]",blu
7,"[2024-07-20 21:11:28, 2024-07-20 21:11:28]",blu
7,"[2024-07-21 05:01:08, 2024-07-21 19:59:59]",blu
7,"[2024-07-22 05:01:05, 2024-07-22 16:59:54]",blu
7,"[2024-07-22 17:11:55, 2024-07-22 17:13:04]",blu
7,"[2024-07-22 17:25:03, 2024-07-22 17:25:36]",blu
7,"[2024-07-22 17:37:37, 2024-07-22 17:37:54]",blu
7,"[2024-07-22 17:49:53, 2024-07-22 17:50:00]",blu
7,"[2024-07-22 18:01:59, 2024-07-22 18:02:03]",blu
7,"[2024-07-22 18:14:02, 2024-07-22 18:14:08]",blu
7,"[2024-07-23 20:42:42, 2024-07-23 20:42:42]",blu
7,"[2024-07-24 06:00:56, 2024-07-24 19:59:59]",cnt
7,"[2024-07-25 06:00:57, 2024-07-25 20:00:00]",cnt
7,"[2024-07-25 20:39:44, 2024-07-25 20:39:44]",cnt
7,"[2024-07-26 06:01:05, 2024-07-26 20:00:00]",cnt
7,"[2024-07-27 06:01:04, 2024-07-27 14:41:00]",cnt
7,"[2024-07-27 14:42:31, 2024-07-27 19:59:59]",cnt
7,"[2024-07-28 06:00:57, 2024-07-28 19:59:59]",cnt
7,"[2024-07-29 06:00:57, 2024-07-29 19:30:33]",cnt
7,"[2024-07-29 19:32:24, 2024-07-29 19:59:59]",cnt
7,"[2024-07-30 06:01:07, 2024-07-30 19:59:59]",cnt
7,"[2024-07-31 06:01:05, 2024-07-31 19:59:59]",cnt
7,"[2024-08-01 06:01:05, 2024-08-01 10:42:00]",cnt
7,"[2024-08-01 10:50:45, 2024-08-01 19:59:59]",cnt
7,"[2024-08-02 06:00:57, 2024-08-02 17:35:05]",cnt
7,"[2024-08-02 17:36:54, 2024-08-02 19:59:59]",cnt
7,"[2024-08-03 06:01:07, 2024-08-03 19:59:59]",cnt
7,"[2024-08-04 06:01:04, 2024-08-04 19:59:59]",cnt
7,"[2024-08-05 06:01:06, 2024-08-05 08:08:48]",cnt
7,"[2024-08-06 06:00:58, 2024-08-06 19:59:59]",cnt
7,"[2024-08-07 06:00:57, 2024-08-07 19:59:59]",cnt
7,"[2024-08-07 20:18:59, 2024-08-07 20:18:59]",cnt
7,"[2024-08-08 06:01:05, 2024-08-08 19:59:59]",cnt
7,"[2024-08-09 06:01:05, 2024-08-09 12:06:18]",cnt
7,"[2024-08-09 12:08:06, 2024-08-09 19:59:59]",cnt
7,"[2024-08-10 06:00:58, 2024-08-10 19:59:59]",cnt
7,"[2024-08-11 06:00:58, 2024-08-11 15:11:06]",cnt
7,"[2024-08-12 20:27:59, 2024-08-12 20:27:59]",cnt
7,"[2024-08-13 06:01:05, 2024-08-13 19:59:59]",cnt
7,"[2024-08-14 06:01:07, 2024-08-14 20:00:00]",cnt
7,"[2024-08-15 06:01:05, 2024-08-15 12:05:28]",cnt
7,"[2024-08-15 17:14:47, 2024-08-15 19:59:59]",yel
7,"[2024-08-16 06:01:01, 2024-08-16 19:59:59]",yel
7,"[2024-08-17 06:01:01, 2024-08-17 20:00:00]",yel
7,"[2024-08-18 06:01:01, 2024-08-18 11:24:54]",yel
7,"[2024-08-19 17:53:37, 2024-08-19 19:59:59]",yel
7,"[2024-08-20 06:01:05, 2024-08-20 19:59:59]",yel
7,"[2024-08-21 06:01:05, 2024-08-21 20:00:00]",yel
7,"[2024-08-22 06:01:05, 2024-08-22 14:22:19]",yel
7,"[2024-08-22 17:49:44, 2024-08-22 19:59:59]",yel
7,"[2024-08-23 06:01:05, 2024-08-23 19:59:59]",yel
7,"[2024-08-24 06:01:07, 2024-08-24 19:59:59]",yel
7,"[2024-08-25 06:01:07, 2024-08-25 10:07:42]",yel
7,"[2024-08-25 10:09:25, 2024-08-25 19:59:59]",yel
7,"[2024-08-26 06:01:06, 2024-08-26 19:59:59]",yel
7,"[2024-08-27 06:01:09, 2024-08-27 19:59:59]",yel
7,"[2024-08-28 06:01:05, 2024-08-28 06:15:51]",yel
7,"[2024-08-28 09:35:37, 2024-08-28 19:59:59]",yel
7,"[2024-08-29 06:01:12, 2024-08-29 20:00:00]",yel
7,"[2024-08-30 06:01:06, 2024-08-30 18:37:01]",yel
7,"[2024-09-03 10:25:21, 2024-09-03 19:59:59]",blu
7,"[2024-09-04 06:01:05, 2024-09-04 19:59:59]",blu
7,"[2024-09-05 06:01:06, 2024-09-05 11:41:44]",blu
7,"[2024-09-05 12:15:16, 2024-09-05 18:59:59]",blu
7,"[2024-09-06 08:01:09, 2024-09-06 18:59:59]",blu
7,"[2024-09-07 08:01:05, 2024-09-07 18:59:59]",blu
7,"[2024-09-08 08:01:06, 2024-09-08 10:29:34]",blu
8,"[2024-07-11 05:01:47, 2024-07-11 16:00:00]",blu
8,"[2024-07-12 05:01:41, 2024-07-12 15:59:59]",blu
8,"[2024-07-13 05:01:54, 2024-07-13 13:48:42]",blu
8,"[2024-07-13 13:51:11, 2024-07-13 16:00:00]",blu
8,"[2024-07-14 05:01:48, 2024-07-14 16:00:00]",blu
8,"[2024-07-18 11:19:28, 2024-07-18 19:59:59]",cnt
8,"[2024-07-19 05:01:04, 2024-07-19 19:59:59]",cnt
8,"[2024-07-20 05:01:03, 2024-07-20 12:23:11]",cnt
8,"[2024-07-20 21:13:22, 2024-07-20 21:13:22]",cnt
8,"[2024-07-21 05:01:05, 2024-07-21 19:59:59]",cnt
8,"[2024-07-22 05:01:05, 2024-07-22 19:59:59]",cnt
8,"[2024-07-23 05:01:05, 2024-07-23 10:33:55]",cnt
8,"[2024-07-23 10:45:54, 2024-07-23 10:47:35]",cnt
8,"[2024-07-23 10:59:36, 2024-07-23 11:00:32]",cnt
8,"[2024-07-23 11:12:33, 2024-07-23 11:12:59]",cnt
8,"[2024-07-23 11:24:58, 2024-07-23 11:25:03]",cnt
8,"[2024-07-23 11:37:02, 2024-07-23 11:37:05]",cnt
8,"[2024-07-23 11:49:03, 2024-07-23 11:49:04]",cnt
8,"[2024-07-23 13:48:51, 2024-07-23 13:48:53]",cnt
8,"[2024-07-23 20:46:28, 2024-07-23 20:46:28]",cnt
8,"[2024-07-24 06:00:56, 2024-07-24 19:59:59]",yel
8,"[2024-07-25 06:00:55, 2024-07-25 19:59:59]",yel
8,"[2024-07-25 20:38:32, 2024-07-25 20:38:32]",yel
8,"[2024-07-26 06:01:05, 2024-07-26 19:59:59]",yel
8,"[2024-07-27 06:01:05, 2024-07-27 14:42:21]",yel
8,"[2024-07-27 14:43:58, 2024-07-27 19:59:59]",yel
8,"[2024-07-28 06:00:56, 2024-07-28 19:59:59]",yel
8,"[2024-07-29 06:00:56, 2024-07-29 16:24:08]",yel
8,"[2024-07-29 19:31:17, 2024-07-29 19:59:59]",yel
8,"[2024-07-30 06:01:05, 2024-07-30 19:59:59]",yel
8,"[2024-07-31 06:01:06, 2024-07-31 19:59:59]",yel
8,"[2024-08-01 06:01:06, 2024-08-01 10:43:46]",yel
8,"[2024-08-01 10:45:32, 2024-08-01 20:00:00]",yel
8,"[2024-08-02 06:00:57, 2024-08-02 17:36:37]",yel
8,"[2024-08-02 17:38:17, 2024-08-02 20:00:00]",yel
8,"[2024-08-03 06:01:06, 2024-08-03 19:59:59]",yel
8,"[2024-08-04 06:01:07, 2024-08-04 19:59:59]",yel
8,"[2024-08-05 06:01:06, 2024-08-05 13:55:53]",yel
8,"[2024-08-05 21:53:48, 2024-08-05 21:53:48]",yel
8,"[2024-08-06 06:00:58, 2024-08-06 19:59:59]",yel
8,"[2024-08-07 06:00:57, 2024-08-07 20:00:00]",yel
8,"[2024-08-08 06:01:07, 2024-08-08 19:59:59]",yel
8,"[2024-08-09 06:01:08, 2024-08-09 12:07:29]",yel
8,"[2024-08-09 12:08:55, 2024-08-09 19:59:59]",yel
8,"[2024-08-10 06:00:57, 2024-08-10 19:59:59]",yel
8,"[2024-08-11 06:00:58, 2024-08-11 11:38:40]",yel
8,"[2024-08-12 14:32:10, 2024-08-12 14:33:30]",yel
8,"[2024-08-12 14:34:53, 2024-08-12 14:37:45]",yel
8,"[2024-08-15 17:22:14, 2024-08-15 19:59:59]",cnt
8,"[2024-08-16 06:01:00, 2024-08-16 19:59:59]",cnt
8,"[2024-08-17 06:01:00, 2024-08-17 09:05:23]",cnt
8,"[2024-08-19 17:55:13, 2024-08-19 19:59:59]",cnt
8,"[2024-08-20 06:01:09, 2024-08-20 19:59:59]",cnt
8,"[2024-08-21 06:01:09, 2024-08-21 19:59:59]",cnt
8,"[2024-08-22 06:01:09, 2024-08-22 15:02:22]",cnt
8,"[2024-08-22 17:51:09, 2024-08-22 20:00:00]",cnt
8,"[2024-08-23 06:01:02, 2024-08-23 19:59:59]",cnt
8,"[2024-08-24 06:01:02, 2024-08-24 19:59:59]",cnt
8,"[2024-08-25 06:01:03, 2024-08-25 10:09:05]",cnt
8,"[2024-08-25 10:10:42, 2024-08-25 19:59:59]",cnt
8,"[2024-08-26 06:01:10, 2024-08-26 20:00:00]",cnt
8,"[2024-08-27 06:01:11, 2024-08-27 18:53:53]",cnt
8,"[2024-08-28 09:37:01, 2024-08-28 19:59:59]",cnt
8,"[2024-08-29 06:01:02, 2024-08-29 19:59:59]",cnt
8,"[2024-08-30 06:01:02, 2024-08-30 10:32:05]",cnt
8,"[2024-09-03 10:27:41, 2024-09-03 19:59:59]",yel
8,"[2024-09-04 06:01:10, 2024-09-04 19:59:59]",yel
8,"[2024-09-05 06:01:10, 2024-09-05 11:33:55]",yel
9,"[2024-07-11 05:02:01, 2024-07-11 08:52:08]",grn
9,"[2024-07-11 12:12:12, 2024-07-11 12:26:31]",grn
9,"[2024-07-11 12:35:31, 2024-07-11 12:54:31]",grn
9,"[2024-07-11 14:53:51, 2024-07-11 15:04:15]",grn
9,"[2024-07-11 16:06:24, 2024-07-11 16:06:24]",grn
9,"[2024-07-11 16:32:38, 2024-07-11 16:32:38]",grn
9,"[2024-07-12 05:03:00, 2024-07-12 12:36:14]",grn
9,"[2024-07-12 12:50:24, 2024-07-12 15:01:57]",grn
9,"[2024-07-12 15:16:07, 2024-07-12 15:59:59]",grn
9,"[2024-07-13 05:03:05, 2024-07-13 13:31:17]",grn
9,"[2024-07-13 13:45:25, 2024-07-13 13:49:08]",grn
9,"[2024-07-13 13:52:46, 2024-07-13 13:53:03]",grn
9,"[2024-07-13 14:07:11, 2024-07-13 15:59:59]",grn
9,"[2024-07-14 05:03:02, 2024-07-14 11:12:05]",grn
9,"[2024-07-14 11:26:16, 2024-07-14 13:34:59]",grn
9,"[2024-07-14 13:49:07, 2024-07-14 13:52:28]",grn
9,"[2024-07-14 14:06:32, 2024-07-14 14:45:02]",grn
9,"[2024-07-14 14:59:08, 2024-07-14 15:33:33]",grn
9,"[2024-07-14 15:47:41, 2024-07-14 15:59:59]",grn
9,"[2024-07-15 05:02:59, 2024-07-15 09:01:40]",grn
9,"[2024-07-15 09:15:47, 2024-07-15 12:14:14]",grn
9,"[2024-07-15 12:28:24, 2024-07-15 15:25:11]",grn
9,"[2024-07-15 15:39:21, 2024-07-15 15:59:59]",grn
9,"[2024-07-16 05:03:03, 2024-07-16 10:59:15]",grn
9,"[2024-07-16 11:13:20, 2024-07-16 11:35:39]",grn
9,"[2024-07-16 11:49:46, 2024-07-16 13:35:25]",grn
9,"[2024-07-16 13:49:36, 2024-07-16 14:30:40]",grn
9,"[2024-07-16 14:44:48, 2024-07-16 15:01:27]",grn
9,"[2024-07-16 15:15:34, 2024-07-16 15:41:02]",grn
9,"[2024-07-16 15:55:11, 2024-07-16 15:59:59]",grn
9,"[2024-07-18 12:19:58, 2024-07-18 12:21:05]",grn
9,"[2024-07-18 12:24:13, 2024-07-18 12:24:30]",grn
9,"[2024-07-18 12:26:01, 2024-07-18 12:26:11]",grn
9,"[2024-07-18 14:02:07, 2024-07-18 19:59:59]",grn
9,"[2024-07-19 05:01:03, 2024-07-19 20:00:00]",grn
9,"[2024-07-20 05:01:03, 2024-07-20 18:21:01]",grn
9,"[2024-07-20 18:33:00, 2024-07-20 18:33:53]",grn
9,"[2024-07-20 18:45:52, 2024-07-20 18:45:54]",grn
9,"[2024-07-20 21:16:44, 2024-07-20 21:16:44]",grn
9,"[2024-07-21 05:01:05, 2024-07-21 19:59:59]",grn
9,"[2024-07-22 05:01:04, 2024-07-22 19:59:59]",grn
9,"[2024-07-23 05:01:06, 2024-07-23 12:53:44]",grn
9,"[2024-07-23 20:53:28, 2024-07-23 20:53:28]",grn
9,"[2024-07-24 06:00:57, 2024-07-24 19:59:59]",blv
9,"[2024-07-25 06:00:57, 2024-07-25 19:59:59]",blv
9,"[2024-07-25 20:36:44, 2024-07-25 20:36:44]",blv
9,"[2024-07-26 06:01:05, 2024-07-26 19:59:59]",blv
9,"[2024-07-27 06:01:05, 2024-07-27 14:43:19]",blv
9,"[2024-07-27 14:44:54, 2024-07-27 19:59:59]",blv
9,"[2024-07-28 06:00:57, 2024-07-28 19:59:59]",blv
9,"[2024-07-29 06:00:57, 2024-07-29 19:27:57]",blv
9,"[2024-07-29 19:29:40, 2024-07-29 19:59:59]",blv
9,"[2024-07-30 06:01:03, 2024-07-30 19:59:59]",blv
9,"[2024-07-31 06:01:03, 2024-07-31 20:00:00]",blv
9,"[2024-08-01 06:01:04, 2024-08-01 19:59:59]",blv
9,"[2024-08-02 06:00:56, 2024-08-02 12:47:27]",blv
9,"[2024-08-02 17:39:34, 2024-08-02 19:59:59]",blv
9,"[2024-08-03 06:01:04, 2024-08-03 19:59:59]",blv
9,"[2024-08-04 06:01:06, 2024-08-04 17:55:48]",blv
9,"[2024-08-06 06:00:57, 2024-08-06 19:59:59]",blv
9,"[2024-08-07 06:02:48, 2024-08-07 06:02:48]",blv
9,"[2024-08-08 06:01:05, 2024-08-08 19:59:59]",blv
9,"[2024-08-09 06:01:06, 2024-08-09 12:10:23]",blv
9,"[2024-08-09 12:11:52, 2024-08-09 19:59:59]",blv
9,"[2024-08-10 06:00:00, 2024-08-10 19:51:42]",blv
9,"[2024-08-12 20:29:47, 2024-08-12 20:29:47]",blv
9,"[2024-08-13 06:01:07, 2024-08-13 19:59:59]",blv
9,"[2024-08-14 06:01:06, 2024-08-14 19:59:59]",blv
9,"[2024-08-15 06:01:05, 2024-08-15 06:48:01]",blv
9,"[2024-08-15 17:37:33, 2024-08-15 19:59:59]",grn
9,"[2024-08-16 06:00:56, 2024-08-16 19:59:59]",grn
9,"[2024-08-17 06:00:56, 2024-08-17 19:59:59]",grn
9,"[2024-08-19 17:57:40, 2024-08-19 19:59:59]",grn
9,"[2024-08-22 17:55:04, 2024-08-22 19:59:59]",grn
9,"[2024-08-28 09:37:20, 2024-08-28 19:59:59]",grn
9,"[2024-08-29 06:00:57, 2024-08-29 19:59:59]",grn
9,"[2024-08-30 06:00:58, 2024-08-30 14:48:30]",grn
9,"[2024-09-03 10:30:36, 2024-09-03 19:59:59]",cnt
9,"[2024-09-04 06:01:10, 2024-09-04 20:00:00]",cnt
9,"[2024-09-05 06:01:10, 2024-09-05 12:14:59]",cnt
9,"[2024-09-05 12:16:37, 2024-09-05 18:59:59]",cnt
9,"[2024-09-06 08:01:03, 2024-09-06 18:59:59]",cnt
9,"[2024-09-07 08:01:02, 2024-09-07 18:59:59]",cnt
9,"[2024-09-08 08:01:05, 2024-09-08 14:52:28]",cnt
10,"[2024-07-13 13:24:36, 2024-07-13 15:59:59]",blv
10,"[2024-07-14 05:01:55, 2024-07-14 16:00:00]",blv
10,"[2024-07-15 05:01:54, 2024-07-15 16:00:00]",blv
10,"[2024-07-16 05:01:53, 2024-07-16 07:09:56]",blv
10,"[2024-07-16 07:22:54, 2024-07-16 07:24:19]",blv
10,"[2024-07-16 07:37:14, 2024-07-16 07:37:51]",blv
10,"[2024-07-16 07:50:45, 2024-07-16 07:51:09]",blv
10,"[2024-07-16 08:04:05, 2024-07-16 08:04:16]",blv
10,"[2024-07-16 08:17:10, 2024-07-16 08:17:16]",blv
10,"[2024-07-16 08:30:10, 2024-07-16 08:30:12]",blv
10,"[2024-07-16 08:43:06, 2024-07-16 08:43:07]",blv
10,"[2024-07-18 10:56:06, 2024-07-18 19:59:59]",blv
10,"[2024-07-19 05:01:03, 2024-07-19 19:59:59]",blv
10,"[2024-07-20 05:01:03, 2024-07-20 07:06:39]",blv
10,"[2024-07-20 07:18:38, 2024-07-20 07:19:38]",blv
10,"[2024-07-20 21:18:06, 2024-07-20 21:18:06]",blv
10,"[2024-07-21 05:01:05, 2024-07-21 19:59:59]",blv
10,"[2024-07-22 05:01:04, 2024-07-22 18:17:35]",blv
10,"[2024-07-22 18:29:35, 2024-07-22 18:30:36]",blv
10,"[2024-07-22 18:42:34, 2024-07-22 18:43:03]",blv
10,"[2024-07-22 18:55:01, 2024-07-22 18:55:15]",blv
10,"[2024-07-22 19:07:13, 2024-07-22 19:07:19]",blv
10,"[2024-07-22 19:19:18, 2024-07-22 19:19:20]",blv
10,"[2024-07-22 19:31:19, 2024-07-22 19:31:19]",blv
10,"[2024-07-22 19:43:18, 2024-07-22 19:43:18]",blv
10,"[2024-07-23 20:56:50, 2024-07-23 20:56:50]",blv
10,"[2024-07-24 06:00:57, 2024-07-24 19:59:59]",blu
10,"[2024-07-25 06:00:56, 2024-07-25 19:59:59]",blu
10,"[2024-07-25 20:33:21, 2024-07-25 20:33:21]",blu
10,"[2024-07-26 06:01:05, 2024-07-26 20:00:00]",blu
10,"[2024-07-27 06:01:05, 2024-07-27 14:42:45]",blu
10,"[2024-07-27 14:44:20, 2024-07-27 19:59:59]",blu
10,"[2024-07-28 06:00:57, 2024-07-28 19:59:59]",blu
10,"[2024-07-29 06:00:56, 2024-07-29 18:08:48]",blu
10,"[2024-07-29 19:26:55, 2024-07-29 19:59:59]",blu
10,"[2024-07-30 06:01:05, 2024-07-30 19:59:59]",blu
10,"[2024-07-31 06:01:06, 2024-07-31 19:56:31]",blu
10,"[2024-08-01 10:45:54, 2024-08-01 19:59:59]",blu
10,"[2024-08-02 06:00:56, 2024-08-02 17:36:59]",blu
10,"[2024-08-02 17:38:51, 2024-08-02 19:59:59]",blu
10,"[2024-08-03 06:01:06, 2024-08-03 19:59:59]",blu
10,"[2024-08-04 06:01:06, 2024-08-04 17:24:00]",blu
10,"[2024-08-05 21:53:54, 2024-08-05 21:53:54]",blu
10,"[2024-08-06 06:00:56, 2024-08-06 19:59:59]",blu
10,"[2024-08-07 06:00:58, 2024-08-07 15:47:31]",blu
10,"[2024-08-08 06:01:07, 2024-08-08 20:00:00]",blu
10,"[2024-08-09 06:01:07, 2024-08-09 12:07:14]",blu
10,"[2024-08-09 12:08:44, 2024-08-09 19:59:59]",blu
10,"[2024-08-10 06:00:57, 2024-08-10 19:59:59]",blu
10,"[2024-08-11 06:00:57, 2024-08-11 09:14:17]",blu
10,"[2024-08-12 20:28:14, 2024-08-12 20:28:14]",blu
10,"[2024-08-13 06:01:08, 2024-08-13 19:59:59]",blu
10,"[2024-08-14 06:01:07, 2024-08-14 19:59:59]",blu
10,"[2024-08-15 06:01:07, 2024-08-15 06:48:40]",blu
10,"[2024-08-15 17:38:40, 2024-08-15 19:59:59]",blu
10,"[2024-08-16 06:00:58, 2024-08-16 19:59:59]",blu
10,"[2024-08-17 06:00:57, 2024-08-17 15:43:37]",blu
10,"[2024-08-19 13:13:13, 2024-08-19 13:27:41]",blu
10,"[2024-08-19 18:13:01, 2024-08-19 18:13:47]",blu
10,"[2024-08-19 18:15:26, 2024-08-19 19:59:59]",blu
10,"[2024-08-20 06:01:08, 2024-08-20 19:59:59]",blu
10,"[2024-08-21 06:01:08, 2024-08-21 19:59:59]",blu
10,"[2024-08-22 06:01:08, 2024-08-22 14:50:34]",blu
10,"[2024-08-22 17:52:14, 2024-08-22 19:59:59]",blu
10,"[2024-08-23 06:01:00, 2024-08-23 19:59:59]",blu
10,"[2024-08-24 06:00:59, 2024-08-24 19:59:59]",blu
10,"[2024-08-25 06:01:01, 2024-08-25 10:10:39]",blu
10,"[2024-08-25 10:12:19, 2024-08-25 19:59:59]",blu
10,"[2024-08-26 06:01:09, 2024-08-26 19:59:59]",blu
10,"[2024-08-27 06:01:09, 2024-08-27 17:23:36]",blu
10,"[2024-08-28 09:38:00, 2024-08-28 19:59:59]",blu
10,"[2024-08-29 06:01:00, 2024-08-29 19:59:59]",blu
10,"[2024-08-30 06:01:03, 2024-08-30 12:16:43]",blu
10,"[2024-09-03 10:32:39, 2024-09-03 19:59:59]",blv
10,"[2024-09-04 06:01:10, 2024-09-04 20:00:00]",blv
10,"[2024-09-05 06:01:09, 2024-09-05 12:15:14]",blv
10,"[2024-09-05 12:16:50, 2024-09-05 18:59:59]",blv
10,"[2024-09-06 08:01:04, 2024-09-06 18:59:59]",blv
10,"[2024-09-07 08:01:06, 2024-09-07 18:59:59]",blv
10,"[2024-09-08 08:01:05, 2024-09-08 11:27:34]",blv
